<?xml version="1.0"?>
<schema xmlns:xsi="http://www.w3.org/2001/XMLSchema-instance"
        xsi:noNamespaceSchemaLocation="urn:magento:framework:Setup/Declaration/Schema/etc/schema.xsd">
    <table name="product_inquiry_base" resource="default" engine="innodb" comment="Product Inquiry Data Table">
        <column xsi:type="int" name="id" padding="7" unsigned="false" nullable="false" identity="true" comment="ID"/>
        <column xsi:type="varchar" name="sku" nullable="false" length="255" comment="Product Sku"/>
        <column xsi:type="varchar" name="customer_name" nullable="false" length="255" comment="Customer Name"/>
        <column xsi:type="varchar" name="customer_email" nullable="false" length="255" comment="Customer Email"/>
        <column xsi:type="text" name="inquiry_content" nullable="false" comment="Post Post Content"/>
        <column name="created_at" nullable="false" xsi:type="datetime" default="CURRENT_TIMESTAMP" on_update="false"
                comment="Created Date"/>
        <column name="updated_at" nullable="true" xsi:type="datetime" default="CURRENT_TIMESTAMP" on_update="true"
                comment="Updated Date"/>
        <constraint xsi:type="primary" referenceId="PRIMARY">
            <column name="id"/>
        </constraint>
    </table>
</schema>
