<?xml version="1.0"?>
<config xmlns:xsi="http://www.w3.org/2001/XMLSchema-instance"
        xsi:noNamespaceSchemaLocation="urn:magento:framework:ObjectManager/etc/config.xsd">
    <preference for="Magebit\RizwanCodeSample\Api\ProductInquirySubmitInterface"
                type="Magebit\RizwanCodeSample\Model\Api\ProductInquirySubmit"/>

    <!--  Start UI-component grid datasource and provider-->
    <virtualType name="Magebit\RizwanCodeSample\Model\ResourceModel\ProductInquiry\Grid\Collection">
        <arguments>
            <argument name="mainTable" xsi:type="string">product_inquiry_base</argument>
            <argument name="resourceModel" xsi:type="string">
                Magebit\RizwanCodeSample\Model\ResourceModel\ProductInquiry
            </argument>
            <argument name="eventPrefix" xsi:type="string">magebit_product_inquiry_listing_grid_collection</argument>
            <argument name="eventObject" xsi:type="string">product_inquiry_listing_grid_collection</argument>
        </arguments>
    </virtualType>
    <type name="Magento\Framework\View\Element\UiComponent\DataProvider\CollectionFactory">
        <arguments>
            <argument name="collections" xsi:type="array">
                <item name="magebit_rizwancodesample_inquiry_listing_data_source" xsi:type="string">
                    Magebit\RizwanCodeSample\Model\ResourceModel\ProductInquiry\Grid\Collection
                </item>
            </argument>
        </arguments>
    </type>
    <!--  End UI-component grid datasource and provider-->
    <preference for="Magebit\RizwanCodeSample\Api\Data\ProductInquiryInterface"
                type="Magebit\RizwanCodeSample\Model\Data\ProductInquiry"/>
    <preference for="Magebit\RizwanCodeSample\Api\ProductInquiryRepositoryInterface"
                type="Magebit\RizwanCodeSample\Model\ProductInquiryRepository"/>
</config>
