<?xml version="1.0"?>
<config xmlns:xsi="http://www.w3.org/2001/XMLSchema-instance"
        xsi:noNamespaceSchemaLocation="urn:magento:module:Magento_Config:etc/system_file.xsd">
    <system>
        <tab id="magebit" translate="label" sortOrder="10">
            <label>MageBit</label>
        </tab>
        <section id="magebit_general_config" translate="label" sortOrder="10" showInDefault="1" showInWebsite="1"
                 showInStore="1">
            <class>separator-top</class>
            <label>Magebit</label>
            <tab>magebit</tab>
            <resource>Magebit_RizwanCodeSample::inquiry_form_configs</resource>
            <group id="general" translate="label" type="text" sortOrder="1" showInDefault="1" showInWebsite="0"
                   showInStore="0">
                <label>General Configuration For Inquiry Form</label>
                <field id="enable" translate="label" type="select" sortOrder="1" showInDefault="1" showInWebsite="0"
                       showInStore="0">
                    <label>Enable Inquiry Form</label>
                    <source_model>Magento\Config\Model\Config\Source\Yesno</source_model>
                </field>
            </group>
        </section>
    </system>
</config>
